op,semi,k,side,n_reps,mean_ms,std_ms,min_ms,max_ms,mean_plan_ms,std_plan_ms,mean_total_ms,std_total_ms,rows
<=,formula,0,having,3,225.327,11.153,215.418,237.405,2.061,0.311,227.388,10.846,0
<=,formula,0,join,3,357.512,3.929,354.882,362.029,2.905,0.743,360.417,3.459,0
<=,formula,1,having,3,435.012,10.323,425.784,446.161,3.309,0.530,438.321,10.406,2529
<=,formula,1,join,3,241.510,11.829,228.055,250.270,2.917,1.691,244.427,13.267,2529
<=,formula,2,having,3,439.060,8.465,429.580,445.861,2.482,1.001,441.542,8.348,2529
<=,formula,2,join,3,280.314,6.976,275.278,288.277,3.049,0.803,283.363,6.278,2529
<=,formula,3,having,3,460.955,26.881,443.858,491.939,4.622,1.606,465.576,28.042,2529
<=,formula,3,join,3,506.240,4.305,502.915,511.103,3.619,2.145,509.859,3.380,2529
<=,formula,4,having,3,495.858,26.473,466.104,516.804,2.072,0.963,497.930,27.135,2529
<=,formula,4,join,3,707.479,12.896,699.415,722.353,4.300,0.539,711.779,12.676,2529
<=,formula,5,having,3,485.418,20.384,464.598,505.336,3.304,1.317,488.722,19.305,2529
<=,formula,5,join,3,1297.447,3.535,1294.138,1301.171,7.841,2.313,1305.288,2.727,2529
<=,formula,6,having,3,496.721,14.797,486.540,513.695,1.831,0.509,498.552,15.300,2529
<=,formula,6,join,3,1731.013,11.736,1718.332,1741.491,11.390,2.305,1742.402,13.781,2529
<=,formula,7,having,3,520.651,13.520,508.885,535.420,1.639,0.113,522.291,13.419,2529
<=,formula,7,join,3,2309.265,3.996,2304.713,2312.192,17.634,1.800,2326.899,3.519,2529
<=,formula,8,having,3,522.890,5.470,519.662,529.206,2.120,0.143,525.010,5.568,2529
<=,formula,8,join,3,2774.208,12.641,2760.746,2785.826,44.028,6.283,2818.236,15.092,2529
<=,formula,9,having,3,545.887,18.300,529.346,565.546,3.063,2.358,548.950,18.050,2529
<=,formula,9,join,3,2934.167,11.083,2923.581,2945.687,100.940,5.516,3035.107,15.404,2529
<=,formula,10,having,3,536.243,5.158,530.328,539.799,2.134,0.441,538.377,4.718,2529
<=,formula,10,join,3,3065.931,6.884,3058.441,3071.981,260.264,5.580,3326.195,11.539,2529
<=,formula,11,having,3,547.123,17.714,535.504,567.511,2.126,0.905,549.249,18.610,2529
<=,formula,11,join,3,3054.674,20.625,3041.564,3078.448,744.184,3.163,3798.858,23.186,2529
<=,formula,12,having,3,544.457,8.165,538.336,553.728,2.390,0.721,546.847,8.456,2529
<=,formula,12,join,3,3015.191,18.132,3000.949,3035.603,2132.073,1.490,5147.264,16.721,2529
<=,formula,13,having,3,541.916,11.808,533.709,555.448,1.576,0.091,543.492,11.896,2529
<=,formula,13,join,3,3033.286,2.653,3031.519,3036.337,6336.676,12.002,9369.962,14.477,2529
<=,formula,14,having,3,537.851,11.307,529.943,550.802,1.678,0.214,539.529,11.518,2529
<=,formula,14,join,3,3050.633,37.396,3020.170,3092.368,19435.280,86.566,22485.913,123.936,2529
<=,formula,15,having,3,591.142,27.376,559.545,607.736,5.039,4.825,596.181,22.557,2529
<=,formula,15,join,3,3046.891,21.869,3029.692,3071.503,61591.509,676.064,64638.400,660.112,2529
<=,prob,0,having,3,232.587,27.655,206.006,261.204,2.218,0.519,234.806,28.034,0
<=,prob,0,having_NS,3,226.861,16.315,210.426,243.053,3.089,1.018,229.950,15.680,0
<=,prob,0,join,3,356.397,5.432,350.473,361.144,1.782,0.604,358.179,5.926,0
<=,prob,1,having,3,433.939,15.251,417.457,447.551,3.309,1.357,437.248,15.932,2529
<=,prob,1,having_NS,3,438.811,21.674,417.379,460.719,2.759,0.056,441.570,21.624,2529
<=,prob,1,join,3,260.475,9.138,250.346,268.099,2.243,0.737,262.718,9.778,2529
<=,prob,2,having,3,428.038,7.627,419.885,434.999,2.786,0.736,430.824,7.911,2529
<=,prob,2,having_NS,3,424.432,6.605,417.383,430.479,2.278,0.613,426.710,6.519,2529
<=,prob,2,join,3,325.859,4.947,322.397,331.525,3.740,0.513,329.599,4.847,2529
<=,prob,3,having,3,429.300,13.137,420.599,444.411,2.592,1.588,431.892,12.706,2529
<=,prob,3,having_NS,3,441.091,19.305,426.181,462.897,3.939,0.793,445.030,19.472,2529
<=,prob,3,join,3,605.058,1.833,603.177,606.839,3.082,0.346,608.140,1.589,2529
<=,prob,4,having,3,450.477,20.793,426.468,462.632,2.972,0.871,453.448,20.764,2529
<=,prob,4,having_NS,3,455.780,24.741,433.209,482.232,3.047,1.458,458.827,26.016,2529
<=,prob,4,join,3,991.639,6.708,986.221,999.142,5.376,1.581,997.016,5.412,2529
<=,prob,5,having,3,428.423,5.234,423.556,433.959,2.020,0.347,430.443,4.980,2529
<=,prob,5,having_NS,3,435.705,6.029,430.640,442.374,3.572,1.069,439.277,5.292,2529
<=,prob,5,join,3,1766.881,4.216,1762.064,1769.902,6.667,2.999,1773.548,1.338,2529
<=,prob,6,having,3,459.737,53.858,422.772,521.531,3.264,2.868,463.002,56.712,2529
<=,prob,6,having_NS,3,454.756,11.391,441.692,462.613,2.072,0.517,456.828,10.999,2529
<=,prob,6,join,3,2204.129,17.208,2192.929,2223.943,13.716,2.233,2217.845,14.992,2529
<=,prob,7,having,3,433.436,7.435,425.592,440.381,2.785,2.058,436.220,9.168,2529
<=,prob,7,having_NS,3,454.694,21.973,438.113,479.616,2.743,0.620,457.437,21.992,2529
<=,prob,7,join,3,2924.234,2.766,2921.167,2926.538,14.471,2.503,2938.706,3.508,2529
<=,prob,8,having,3,423.553,2.960,420.711,426.618,2.687,1.175,426.240,2.830,2529
<=,prob,8,having_NS,3,450.526,8.859,440.321,456.244,1.978,0.886,452.505,9.401,2529
<=,prob,8,join,3,3152.986,6.386,3146.056,3158.634,26.315,0.793,3179.301,5.638,2529
<=,prob,9,having,3,426.871,4.788,422.055,431.631,2.264,1.357,429.135,5.995,2529
<=,prob,9,having_NS,3,449.453,6.551,442.854,455.954,1.901,0.610,451.354,6.074,2529
<=,prob,9,join,3,3125.323,49.847,3093.826,3182.793,69.239,3.165,3194.562,52.936,2529
<=,prob,10,having,3,435.968,4.366,431.427,440.136,2.622,0.070,438.590,4.331,2529
<=,prob,10,having_NS,3,471.328,28.122,453.925,503.771,2.224,0.577,473.552,27.614,2529
<=,prob,10,join,3,3107.917,2.393,3105.726,3110.471,184.469,5.994,3292.386,5.376,2529
<=,prob,11,having,3,431.811,6.192,425.018,437.139,3.118,0.662,434.929,6.831,2529
<=,prob,11,having_NS,3,472.462,19.598,459.718,495.029,2.676,0.095,475.138,19.531,2529
<=,prob,11,join,3,3043.281,5.107,3039.134,3048.985,530.485,5.788,3573.767,9.224,2529
<=,prob,12,having,3,439.290,5.955,435.782,446.166,3.559,1.025,442.849,6.773,2529
<=,prob,12,having_NS,3,452.092,7.695,443.924,459.205,2.030,0.543,454.122,7.894,2529
<=,prob,12,join,3,2997.304,11.860,2983.644,3004.980,1548.422,4.440,4545.727,13.419,2529
<=,prob,13,having,3,429.724,10.449,420.541,441.093,2.553,1.033,432.276,9.431,2529
<=,prob,13,having_NS,3,434.686,14.500,420.581,449.552,2.561,0.390,437.248,14.444,2529
<=,prob,13,join,3,3038.819,3.631,3034.627,3040.980,4669.648,3.224,7708.467,2.697,2529
<=,prob,14,having,3,457.800,29.119,424.177,474.696,2.211,0.360,460.012,29.446,2529
<=,prob,14,having_NS,3,442.534,15.610,431.728,460.431,2.126,0.628,444.660,16.235,2529
<=,prob,14,join,3,3030.202,8.709,3021.270,3038.670,14627.836,12.886,17658.038,19.491,2529
<=,prob,15,having,3,429.356,8.679,420.859,438.207,2.611,0.080,431.967,8.727,2529
<=,prob,15,having_NS,3,424.945,4.031,421.489,429.373,2.579,0.661,427.524,4.596,2529
<=,prob,15,join,3,3023.686,26.827,2998.254,3051.719,46758.701,41.028,49782.388,67.853,2529
>=,formula,0,having,3,577.666,19.547,563.327,599.931,2.355,0.870,580.021,20.383,2529
>=,formula,0,join,3,167.275,2.238,164.795,169.145,0.706,0.091,167.981,2.261,2529
>=,formula,1,having,3,563.494,20.194,542.331,582.555,2.360,0.646,565.853,19.704,2529
>=,formula,1,join,3,175.598,8.194,169.508,184.914,1.757,0.693,177.355,7.501,2529
>=,formula,2,having,3,348.214,11.684,340.070,361.601,3.746,1.398,351.960,13.069,191
>=,formula,2,join,3,65.907,5.815,59.886,71.491,2.503,1.349,68.410,6.939,191
>=,formula,3,having,3,339.445,5.042,336.418,345.266,2.849,0.586,342.294,4.540,46
>=,formula,3,join,3,109.534,5.904,105.538,116.315,1.364,0.257,110.898,6.157,46
>=,formula,4,having,3,313.763,2.388,311.038,315.495,1.819,0.399,315.582,2.702,21
>=,formula,4,join,3,302.684,1.571,300.879,303.746,2.268,0.964,304.952,1.955,21
>=,formula,5,having,3,302.860,5.035,298.483,308.363,3.015,1.601,305.875,6.630,14
>=,formula,5,join,3,489.454,9.950,478.726,498.380,3.688,1.495,493.142,9.500,14
>=,formula,6,having,3,294.312,9.162,286.881,304.549,2.570,0.135,296.882,9.267,12
>=,formula,6,join,3,935.966,2.957,933.565,939.269,7.768,2.139,943.734,4.415,12
>=,formula,7,having,3,262.192,3.375,259.283,265.893,2.049,0.468,264.241,3.782,10
>=,formula,7,join,3,1386.438,0.871,1385.483,1387.187,9.780,1.162,1396.218,0.317,10
>=,formula,8,having,3,239.549,2.901,236.253,241.712,2.376,0.884,241.925,3.506,8
>=,formula,8,join,3,1812.300,13.266,1797.215,1822.149,18.961,2.772,1831.261,15.022,8
>=,formula,9,having,3,223.266,4.670,218.028,226.996,2.452,0.588,225.718,4.715,5
>=,formula,9,join,3,2287.248,2.783,2284.037,2288.957,39.489,3.663,2326.737,1.017,5
>=,formula,10,having,3,240.768,7.106,232.946,246.825,4.340,0.987,245.108,7.114,5
>=,formula,10,join,3,2662.485,5.814,2657.901,2669.025,98.938,2.712,2761.423,7.978,5
>=,formula,11,having,3,217.726,8.333,208.104,222.575,2.481,0.198,220.207,8.233,5
>=,formula,11,join,3,2909.443,9.158,2899.515,2917.562,265.821,7.720,3175.264,11.334,5
>=,formula,12,having,3,213.996,5.807,209.126,220.422,2.256,0.633,216.252,6.361,3
>=,formula,12,join,3,2891.537,0.914,2890.862,2892.577,738.977,1.396,3630.514,1.946,3
>=,formula,13,having,3,230.782,20.910,208.025,249.148,2.019,0.552,232.802,20.947,2
>=,formula,13,join,3,2858.285,5.076,2852.424,2861.250,2141.059,22.524,4999.344,23.769,2
>=,formula,14,having,3,210.793,6.005,206.977,217.715,2.559,0.174,213.352,6.071,0
>=,formula,14,join,3,2854.575,3.814,2850.270,2857.534,6345.946,3.037,9200.521,0.812,0
>=,formula,15,having,3,209.829,4.934,204.131,212.711,2.566,1.353,212.394,5.917,0
>=,formula,15,join,3,2870.290,7.561,2865.482,2879.006,19710.733,219.211,22581.023,213.761,0
>=,prob,0,having,3,454.567,8.206,445.627,461.757,1.995,0.531,456.562,8.510,2529
>=,prob,0,having_NS,3,425.665,8.387,416.537,433.031,2.381,0.435,428.046,8.744,2529
>=,prob,0,join,3,181.603,2.003,180.163,183.891,1.677,0.955,183.280,1.771,2529
>=,prob,1,having,3,433.088,14.165,421.957,449.032,3.095,1.611,436.182,15.775,2529
>=,prob,1,having_NS,3,470.880,15.376,460.415,488.533,1.992,0.532,472.872,15.070,2529
>=,prob,1,join,3,179.462,7.210,172.698,187.047,1.462,0.420,180.924,7.300,2529
>=,prob,2,having,3,229.960,10.831,221.787,242.244,1.899,0.534,231.859,10.428,191
>=,prob,2,having_NS,3,273.904,15.465,261.379,291.189,3.174,0.631,277.078,15.451,191
>=,prob,2,join,3,66.968,4.204,64.505,71.823,1.469,0.225,68.437,4.134,191
>=,prob,3,having,3,208.314,5.648,201.873,212.423,2.970,1.670,211.284,6.813,46
>=,prob,3,having_NS,3,240.244,1.016,239.158,241.172,3.710,1.442,243.954,1.145,46
>=,prob,3,join,3,146.207,11.778,137.776,159.664,2.787,1.617,148.993,11.333,46
>=,prob,4,having,3,204.137,3.310,201.933,207.943,2.173,1.178,206.310,4.483,21
>=,prob,4,having_NS,3,237.369,6.006,233.525,244.290,2.405,0.305,239.774,5.703,21
>=,prob,4,join,3,385.157,4.188,381.593,389.769,2.268,0.984,387.425,4.933,21
>=,prob,5,having,3,207.836,10.301,199.518,219.359,2.455,0.882,210.292,11.095,14
>=,prob,5,having_NS,3,228.653,1.285,227.328,229.895,2.273,0.289,230.925,1.322,14
>=,prob,5,join,3,762.147,6.159,755.118,766.599,2.911,0.852,765.058,6.570,14
>=,prob,6,having,3,207.420,2.290,205.437,209.927,2.483,0.364,209.903,2.652,12
>=,prob,6,having_NS,3,230.240,2.027,229.014,232.579,2.542,0.682,232.782,1.370,12
>=,prob,6,join,3,2909.399,11.318,2899.420,2921.696,5.445,2.497,2914.844,10.939,12
>=,prob,7,having,3,211.551,6.282,207.383,218.776,2.667,0.525,214.218,5.911,10
>=,prob,7,having_NS,3,235.686,17.519,215.631,248.009,2.446,0.877,238.133,17.451,10
>=,prob,7,join,3,3669.194,21.810,3644.567,3686.067,8.435,2.998,3677.629,24.801,10
>=,prob,8,having,3,201.028,2.482,198.697,203.638,2.378,0.582,203.406,2.599,8
>=,prob,8,having_NS,3,214.028,4.334,211.100,219.007,2.610,1.179,216.638,5.496,8
>=,prob,8,join,3,2426.452,21.780,2411.245,2451.402,16.043,3.931,2442.495,25.123,8
>=,prob,9,having,3,222.360,4.038,218.149,226.200,2.565,0.518,224.925,3.541,5
>=,prob,9,having_NS,3,235.626,2.991,232.674,238.654,1.924,0.750,237.550,2.377,5
>=,prob,9,join,3,2616.208,22.291,2600.232,2641.673,30.842,2.657,2647.050,24.421,5
>=,prob,10,having,3,227.079,3.661,222.851,229.228,2.485,0.943,229.564,3.617,5
>=,prob,10,having_NS,3,206.838,4.584,202.395,211.551,3.408,0.786,210.245,4.629,5
>=,prob,10,join,3,2538.213,5.646,2534.121,2544.654,67.547,3.940,2605.761,5.593,5
>=,prob,11,having,3,216.347,12.579,205.683,230.220,3.981,1.150,220.328,12.961,5
>=,prob,11,having_NS,3,218.114,12.094,210.434,232.055,3.067,0.620,221.180,11.878,5
>=,prob,11,join,3,2792.425,9.680,2784.311,2803.140,190.437,7.465,2982.862,16.973,5
>=,prob,12,having,3,212.819,9.984,206.955,224.347,3.031,0.693,215.850,9.323,3
>=,prob,12,having_NS,3,205.635,2.410,202.900,207.444,2.396,0.791,208.032,3.167,3
>=,prob,12,join,3,2904.278,4.743,2899.893,2909.312,527.066,3.447,3431.344,6.291,3
>=,prob,13,having,3,210.003,11.743,199.626,222.751,1.709,0.306,211.713,11.686,2
>=,prob,13,having_NS,3,202.700,4.122,198.196,206.286,4.125,1.413,206.825,5.397,2
>=,prob,13,join,3,2845.900,1.608,2844.971,2847.757,1551.609,4.775,4397.509,3.424,2
>=,prob,14,having,3,204.557,4.070,201.910,209.243,3.094,0.579,207.651,3.873,0
>=,prob,14,having_NS,3,203.918,2.841,201.875,207.163,1.706,0.352,205.625,2.626,0
>=,prob,14,join,3,2871.072,6.765,2863.844,2877.252,4677.845,12.883,7548.916,10.137,0
>=,prob,15,having,3,209.593,2.868,207.482,212.858,2.144,0.521,211.737,2.351,0
>=,prob,15,having_NS,3,200.760,4.945,197.678,206.463,1.896,0.158,202.656,5.081,0
>=,prob,15,join,3,2859.547,5.116,2855.007,2865.090,14695.079,24.977,17554.626,28.962,0
